Noah,noah.rametsteiner@sz-ybbs.ac.at,noah.rametsteiner@sz-ybbs.ac.at
Cle,noah.rametsteiner@sz-ybbs.ac.at,noah.rametsteiner@sz-ybbs.ac.at
Simon,noah.rametsteiner@sz-ybbs.ac.at,noah.rametsteiner@sz-ybbs.ac.at
Noah,noah.rametsteiner@sz-ybbs.ac.at,noah.rametsteiner@sz-ybbs.ac.at
Cle,noah.rametsteiner@sz-ybbs.ac.at,noah.rametsteiner@sz-ybbs.ac.at
Simon,noah.rametsteiner@sz-ybbs.ac.at,noah.rametsteiner@sz-ybbs.ac.at
Noah,noah.rametsteiner@sz-ybbs.ac.at,noah.rametsteiner@sz-ybbs.ac.at
Cle,noah.rametsteiner@sz-ybbs.ac.at,noah.rametsteiner@sz-ybbs.ac.at
Simon,noah.rametsteiner@sz-ybbs.ac.at,noah.rametsteiner@sz-ybbs.ac.at
Noah,noah.rametsteiner@sz-ybbs.ac.at,noah.rametsteiner@sz-ybbs.ac.at
Cle,noah.rametsteiner@sz-ybbs.ac.at,noah.rametsteiner@sz-ybbs.ac.at
Simon,noah.rametsteiner@sz-ybbs.ac.at,noah.rametsteiner@sz-ybbs.ac.at
Noah,noah.rametsteiner@sz-ybbs.ac.at,noah.rametsteiner@sz-ybbs.ac.at
Cle,noah.rametsteiner@sz-ybbs.ac.at,noah.rametsteiner@sz-ybbs.ac.at
Simon,noah.rametsteiner@sz-ybbs.ac.at,noah.rametsteiner@sz-ybbs.ac.at
Noah,noah.rametsteiner@sz-ybbs.ac.at,noah.rametsteiner@sz-ybbs.ac.at
Cle,noah.rametsteiner@sz-ybbs.ac.at,noah.rametsteiner@sz-ybbs.ac.at
Simon,noah.rametsteiner@sz-ybbs.ac.at,noah.rametsteiner@sz-ybbs.ac.at
Noah,noah.rametsteiner@sz-ybbs.ac.at,noah.rametsteiner@sz-ybbs.ac.at
Cle,noah.rametsteiner@sz-ybbs.ac.at,noah.rametsteiner@sz-ybbs.ac.at
Simon,noah.rametsteiner@sz-ybbs.ac.at,noah.rametsteiner@sz-ybbs.ac.at
Noah,noah.rametsteiner@sz-ybbs.ac.at,noah.rametsteiner@sz-ybbs.ac.at
Cle,noah.rametsteiner@sz-ybbs.ac.at,noah.rametsteiner@sz-ybbs.ac.at
Simon,noah.rametsteiner@sz-ybbs.ac.at,noah.rametsteiner@sz-ybbs.ac.at
Noah,noah.rametsteiner@sz-ybbs.ac.at,noah.rametsteiner@sz-ybbs.ac.at
Cle,noah.rametsteiner@sz-ybbs.ac.at,noah.rametsteiner@sz-ybbs.ac.at
Simon,noah.rametsteiner@sz-ybbs.ac.at,noah.rametsteiner@sz-ybbs.ac.at
Noah,noah.rametsteiner@sz-ybbs.ac.at,noah.rametsteiner@sz-ybbs.ac.at
Cle,noah.rametsteiner@sz-ybbs.ac.at,noah.rametsteiner@sz-ybbs.ac.at
Simon,noah.rametsteiner@sz-ybbs.ac.at,noah.rametsteiner@sz-ybbs.ac.at
Noah,noah.rametsteiner@sz-ybbs.ac.at,noah.rametsteiner@sz-ybbs.ac.at
Cle,noah.rametsteiner@sz-ybbs.ac.at,noah.rametsteiner@sz-ybbs.ac.at
Simon,noah.rametsteiner@sz-ybbs.ac.at,noah.rametsteiner@sz-ybbs.ac.at
Noah,noah.rametsteiner@sz-ybbs.ac.at,noah.rametsteiner@sz-ybbs.ac.at
Cle,noah.rametsteiner@sz-ybbs.ac.at,noah.rametsteiner@sz-ybbs.ac.at
Simon,noah.rametsteiner@sz-ybbs.ac.at,noah.rametsteiner@sz-ybbs.ac.at
Noah,noah.rametsteiner@sz-ybbs.ac.at,noah.rametsteiner@sz-ybbs.ac.at
Cle,noah.rametsteiner@sz-ybbs.ac.at,noah.rametsteiner@sz-ybbs.ac.at
Simon,noah.rametsteiner@sz-ybbs.ac.at,noah.rametsteiner@sz-ybbs.ac.at
Noah,noah.rametsteiner@sz-ybbs.ac.at,noah.rametsteiner@sz-ybbs.ac.at
Cle,noah.rametsteiner@sz-ybbs.ac.at,noah.rametsteiner@sz-ybbs.ac.at
Simon,noah.rametsteiner@sz-ybbs.ac.at,noah.rametsteiner@sz-ybbs.ac.at
Noah,noah.rametsteiner@sz-ybbs.ac.at,noah.rametsteiner@sz-ybbs.ac.at
Cle,noah.rametsteiner@sz-ybbs.ac.at,noah.rametsteiner@sz-ybbs.ac.at
Simon,noah.rametsteiner@sz-ybbs.ac.at,noah.rametsteiner@sz-ybbs.ac.at
Noah,noah.rametsteiner@sz-ybbs.ac.at,noah.rametsteiner@sz-ybbs.ac.at
Cle,noah.rametsteiner@sz-ybbs.ac.at,noah.rametsteiner@sz-ybbs.ac.at
Simon,noah.rametsteiner@sz-ybbs.ac.at,noah.rametsteiner@sz-ybbs.ac.at
Noah,noah.rametsteiner@sz-ybbs.ac.at,noah.rametsteiner@sz-ybbs.ac.at
Cle,noah.rametsteiner@sz-ybbs.ac.at,noah.rametsteiner@sz-ybbs.ac.at
Simon,noah.rametsteiner@sz-ybbs.ac.at,noah.rametsteiner@sz-ybbs.ac.at
Noah,noah.rametsteiner@sz-ybbs.ac.at,noah.rametsteiner@sz-ybbs.ac.at
Cle,noah.rametsteiner@sz-ybbs.ac.at,noah.rametsteiner@sz-ybbs.ac.at
Simon,noah.rametsteiner@sz-ybbs.ac.at,noah.rametsteiner@sz-ybbs.ac.at
Noah,noah.rametsteiner@sz-ybbs.ac.at,noah.rametsteiner@sz-ybbs.ac.at
Cle,noah.rametsteiner@sz-ybbs.ac.at,noah.rametsteiner@sz-ybbs.ac.at
Simon,noah.rametsteiner@sz-ybbs.ac.at,noah.rametsteiner@sz-ybbs.ac.at
Noah,noah.rametsteiner@sz-ybbs.ac.at,noah.rametsteiner@sz-ybbs.ac.at
Cle,noah.rametsteiner@sz-ybbs.ac.at,noah.rametsteiner@sz-ybbs.ac.at
Simon,noah.rametsteiner@sz-ybbs.ac.at,noah.rametsteiner@sz-ybbs.ac.at
Noah,noah.rametsteiner@sz-ybbs.ac.at,noah.rametsteiner@sz-ybbs.ac.at
Cle,noah.rametsteiner@sz-ybbs.ac.at,noah.rametsteiner@sz-ybbs.ac.at
Simon,noah.rametsteiner@sz-ybbs.ac.at,noah.rametsteiner@sz-ybbs.ac.at
Noah,noah.rametsteiner@sz-ybbs.ac.at,noah.rametsteiner@sz-ybbs.ac.at
Cle,noah.rametsteiner@sz-ybbs.ac.at,noah.rametsteiner@sz-ybbs.ac.at
Simon,noah.rametsteiner@sz-ybbs.ac.at,noah.rametsteiner@sz-ybbs.ac.at
Noah,noah.rametsteiner@sz-ybbs.ac.at,noah.rametsteiner@sz-ybbs.ac.at
Cle,noah.rametsteiner@sz-ybbs.ac.at,noah.rametsteiner@sz-ybbs.ac.at
Simon,noah.rametsteiner@sz-ybbs.ac.at,noah.rametsteiner@sz-ybbs.ac.at
Noah,noah.rametsteiner@sz-ybbs.ac.at,noah.rametsteiner@sz-ybbs.ac.at
Cle,noah.rametsteiner@sz-ybbs.ac.at,noah.rametsteiner@sz-ybbs.ac.at
Simon,noah.rametsteiner@sz-ybbs.ac.at,noah.rametsteiner@sz-ybbs.ac.at
Noah,noah.rametsteiner@sz-ybbs.ac.at,noah.rametsteiner@sz-ybbs.ac.at
Cle,noah.rametsteiner@sz-ybbs.ac.at,noah.rametsteiner@sz-ybbs.ac.at
Simon,noah.rametsteiner@sz-ybbs.ac.at,noah.rametsteiner@sz-ybbs.ac.at
Noah,noah.rametsteiner@sz-ybbs.ac.at,noah.rametsteiner@sz-ybbs.ac.at
Cle,noah.rametsteiner@sz-ybbs.ac.at,noah.rametsteiner@sz-ybbs.ac.at
Simon,noah.rametsteiner@sz-ybbs.ac.at,noah.rametsteiner@sz-ybbs.ac.at
Noah,noah.rametsteiner@sz-ybbs.ac.at,noah.rametsteiner@sz-ybbs.ac.at
Cle,noah.rametsteiner@sz-ybbs.ac.at,noah.rametsteiner@sz-ybbs.ac.at
Simon,noah.rametsteiner@sz-ybbs.ac.at,noah.rametsteiner@sz-ybbs.ac.at
Noah,noah.rametsteiner@sz-ybbs.ac.at,noah.rametsteiner@sz-ybbs.ac.at
Cle,noah.rametsteiner@sz-ybbs.ac.at,noah.rametsteiner@sz-ybbs.ac.at
Simon,noah.rametsteiner@sz-ybbs.ac.at,noah.rametsteiner@sz-ybbs.ac.at
Noah,noah.rametsteiner@sz-ybbs.ac.at,noah.rametsteiner@sz-ybbs.ac.at
Cle,noah.rametsteiner@sz-ybbs.ac.at,noah.rametsteiner@sz-ybbs.ac.at
Simon,noah.rametsteiner@sz-ybbs.ac.at,noah.rametsteiner@sz-ybbs.ac.at
Noah,noah.rametsteiner@sz-ybbs.ac.at,noah.rametsteiner@sz-ybbs.ac.at
Cle,noah.rametsteiner@sz-ybbs.ac.at,noah.rametsteiner@sz-ybbs.ac.at
Simon,noah.rametsteiner@sz-ybbs.ac.at,noah.rametsteiner@sz-ybbs.ac.at
Noah,noah.rametsteiner@sz-ybbs.ac.at,noah.rametsteiner@sz-ybbs.ac.at
Cle,noah.rametsteiner@sz-ybbs.ac.at,noah.rametsteiner@sz-ybbs.ac.at
Simon,noah.rametsteiner@sz-ybbs.ac.at,noah.rametsteiner@sz-ybbs.ac.at
Noah,noah.rametsteiner@sz-ybbs.ac.at,noah.rametsteiner@sz-ybbs.ac.at
Cle,noah.rametsteiner@sz-ybbs.ac.at,noah.rametsteiner@sz-ybbs.ac.at
Simon,noah.rametsteiner@sz-ybbs.ac.at,noah.rametsteiner@sz-ybbs.ac.at
Noah,noah.rametsteiner@sz-ybbs.ac.at,noah.rametsteiner@sz-ybbs.ac.at
Cle,noah.rametsteiner@sz-ybbs.ac.at,noah.rametsteiner@sz-ybbs.ac.at
Simon,noah.rametsteiner@sz-ybbs.ac.at,noah.rametsteiner@sz-ybbs.ac.at
Noah,noah.rametsteiner@sz-ybbs.ac.at,noah.rametsteiner@sz-ybbs.ac.at
Cle,noah.rametsteiner@sz-ybbs.ac.at,noah.rametsteiner@sz-ybbs.ac.at
Simon,noah.rametsteiner@sz-ybbs.ac.at,noah.rametsteiner@sz-ybbs.ac.at
Noah,noah.rametsteiner@sz-ybbs.ac.at,noah.rametsteiner@sz-ybbs.ac.at
Cle,noah.rametsteiner@sz-ybbs.ac.at,noah.rametsteiner@sz-ybbs.ac.at
Simon,noah.rametsteiner@sz-ybbs.ac.at,noah.rametsteiner@sz-ybbs.ac.at
Noah,noah.rametsteiner@sz-ybbs.ac.at,noah.rametsteiner@sz-ybbs.ac.at
Cle,noah.rametsteiner@sz-ybbs.ac.at,noah.rametsteiner@sz-ybbs.ac.at
Simon,noah.rametsteiner@sz-ybbs.ac.at,noah.rametsteiner@sz-ybbs.ac.at
Noah,noah.rametsteiner@sz-ybbs.ac.at,noah.rametsteiner@sz-ybbs.ac.at
Cle,noah.rametsteiner@sz-ybbs.ac.at,noah.rametsteiner@sz-ybbs.ac.at
Simon,noah.rametsteiner@sz-ybbs.ac.at,noah.rametsteiner@sz-ybbs.ac.at
Noah,noah.rametsteiner@sz-ybbs.ac.at,noah.rametsteiner@sz-ybbs.ac.at
Cle,noah.rametsteiner@sz-ybbs.ac.at,noah.rametsteiner@sz-ybbs.ac.at
Simon,noah.rametsteiner@sz-ybbs.ac.at,noah.rametsteiner@sz-ybbs.ac.at
Noah,noah.rametsteiner@sz-ybbs.ac.at,noah.rametsteiner@sz-ybbs.ac.at
Cle,noah.rametsteiner@sz-ybbs.ac.at,noah.rametsteiner@sz-ybbs.ac.at
Simon,noah.rametsteiner@sz-ybbs.ac.at,noah.rametsteiner@sz-ybbs.ac.at
Noah,noah.rametsteiner@sz-ybbs.ac.at,noah.rametsteiner@sz-ybbs.ac.at
Cle,noah.rametsteiner@sz-ybbs.ac.at,noah.rametsteiner@sz-ybbs.ac.at
Simon,noah.rametsteiner@sz-ybbs.ac.at,noah.rametsteiner@sz-ybbs.ac.at
Noah,noah.rametsteiner@sz-ybbs.ac.at,noah.rametsteiner@sz-ybbs.ac.at
Cle,noah.rametsteiner@sz-ybbs.ac.at,noah.rametsteiner@sz-ybbs.ac.at
Simon,noah.rametsteiner@sz-ybbs.ac.at,noah.rametsteiner@sz-ybbs.ac.at
Noah,noah.rametsteiner@sz-ybbs.ac.at,noah.rametsteiner@sz-ybbs.ac.at
Cle,noah.rametsteiner@sz-ybbs.ac.at,noah.rametsteiner@sz-ybbs.ac.at
Simon,noah.rametsteiner@sz-ybbs.ac.at,noah.rametsteiner@sz-ybbs.ac.at
Noah,noah.rametsteiner@sz-ybbs.ac.at,noah.rametsteiner@sz-ybbs.ac.at
Cle,noah.rametsteiner@sz-ybbs.ac.at,noah.rametsteiner@sz-ybbs.ac.at
Simon,noah.rametsteiner@sz-ybbs.ac.at,noah.rametsteiner@sz-ybbs.ac.at
Noah,noah.rametsteiner@sz-ybbs.ac.at,noah.rametsteiner@sz-ybbs.ac.at
Cle,noah.rametsteiner@sz-ybbs.ac.at,noah.rametsteiner@sz-ybbs.ac.at
Simon,noah.rametsteiner@sz-ybbs.ac.at,noah.rametsteiner@sz-ybbs.ac.at
Noah,noah.rametsteiner@sz-ybbs.ac.at,noah.rametsteiner@sz-ybbs.ac.at
Cle,noah.rametsteiner@sz-ybbs.ac.at,noah.rametsteiner@sz-ybbs.ac.at
Simon,noah.rametsteiner@sz-ybbs.ac.at,noah.rametsteiner@sz-ybbs.ac.at
Noah,noah.rametsteiner@sz-ybbs.ac.at,noah.rametsteiner@sz-ybbs.ac.at
Cle,noah.rametsteiner@sz-ybbs.ac.at,noah.rametsteiner@sz-ybbs.ac.at
Simon,noah.rametsteiner@sz-ybbs.ac.at,noah.rametsteiner@sz-ybbs.ac.at
Noah,noah.rametsteiner@sz-ybbs.ac.at,noah.rametsteiner@sz-ybbs.ac.at
Cle,noah.rametsteiner@sz-ybbs.ac.at,noah.rametsteiner@sz-ybbs.ac.at
Simon,noah.rametsteiner@sz-ybbs.ac.at,noah.rametsteiner@sz-ybbs.ac.at
Noah,noah.rametsteiner@sz-ybbs.ac.at,noah.rametsteiner@sz-ybbs.ac.at
Cle,noah.rametsteiner@sz-ybbs.ac.at,noah.rametsteiner@sz-ybbs.ac.at
Simon,noah.rametsteiner@sz-ybbs.ac.at,noah.rametsteiner@sz-ybbs.ac.at
Noah,noah.rametsteiner@sz-ybbs.ac.at,noah.rametsteiner@sz-ybbs.ac.at
Cle,noah.rametsteiner@sz-ybbs.ac.at,noah.rametsteiner@sz-ybbs.ac.at
Simon,noah.rametsteiner@sz-ybbs.ac.at,noah.rametsteiner@sz-ybbs.ac.at
Noah,noah.rametsteiner@sz-ybbs.ac.at,noah.rametsteiner@sz-ybbs.ac.at
Cle,noah.rametsteiner@sz-ybbs.ac.at,noah.rametsteiner@sz-ybbs.ac.at
Simon,noah.rametsteiner@sz-ybbs.ac.at,noah.rametsteiner@sz-ybbs.ac.at
Noah,noah.rametsteiner@sz-ybbs.ac.at,noah.rametsteiner@sz-ybbs.ac.at
Cle,noah.rametsteiner@sz-ybbs.ac.at,noah.rametsteiner@sz-ybbs.ac.at
Simon,noah.rametsteiner@sz-ybbs.ac.at,noah.rametsteiner@sz-ybbs.ac.at
Noah,noah.rametsteiner@sz-ybbs.ac.at,noah.rametsteiner@sz-ybbs.ac.at
Cle,noah.rametsteiner@sz-ybbs.ac.at,noah.rametsteiner@sz-ybbs.ac.at
Simon,noah.rametsteiner@sz-ybbs.ac.at,noah.rametsteiner@sz-ybbs.ac.at
Noah,noah.rametsteiner@sz-ybbs.ac.at,noah.rametsteiner@sz-ybbs.ac.at
Cle,noah.rametsteiner@sz-ybbs.ac.at,noah.rametsteiner@sz-ybbs.ac.at
Simon,noah.rametsteiner@sz-ybbs.ac.at,noah.rametsteiner@sz-ybbs.ac.at
Noah,noah.rametsteiner@sz-ybbs.ac.at,noah.rametsteiner@sz-ybbs.ac.at
Cle,noah.rametsteiner@sz-ybbs.ac.at,noah.rametsteiner@sz-ybbs.ac.at
Simon,noah.rametsteiner@sz-ybbs.ac.at,noah.rametsteiner@sz-ybbs.ac.at
Noah,noah.rametsteiner@sz-ybbs.ac.at,noah.rametsteiner@sz-ybbs.ac.at
Cle,noah.rametsteiner@sz-ybbs.ac.at,noah.rametsteiner@sz-ybbs.ac.at
Simon,noah.rametsteiner@sz-ybbs.ac.at,noah.rametsteiner@sz-ybbs.ac.at
Noah,noah.rametsteiner@sz-ybbs.ac.at,noah.rametsteiner@sz-ybbs.ac.at
Cle,noah.rametsteiner@sz-ybbs.ac.at,noah.rametsteiner@sz-ybbs.ac.at
Simon,noah.rametsteiner@sz-ybbs.ac.at,noah.rametsteiner@sz-ybbs.ac.at
Noah,noah.rametsteiner@sz-ybbs.ac.at,noah.rametsteiner@sz-ybbs.ac.at
Cle,noah.rametsteiner@sz-ybbs.ac.at,noah.rametsteiner@sz-ybbs.ac.at
Simon,noah.rametsteiner@sz-ybbs.ac.at,noah.rametsteiner@sz-ybbs.ac.at
